Credit_Score,Annual_Income,Loan_Amount,Debt_to_Income_Ratio,Number_of_Accounts,Late_Payments,Loan_Approved
402,126296,27473,0.25041881032409913,16,0,1
735,101182,33625,0.6897541687224924,5,0,1
570,102565,20504,0.9925683554510549,17,0,1
406,49402,29089,0.16540378444901466,10,4,0
371,24263,41487,0.16937021075631464,18,9,0
320,143489,5302,0.40634208340000744,7,6,0
421,116523,36463,0.8797478628262079,3,1,1
766,66828,49912,0.2939768819121987,13,9,0
514,140824,34259,0.4243400379373128,15,7,0
630,67924,47823,0.16165486596428164,19,3,1
758,94182,42208,0.7868397621330004,3,2,1
387,113065,35659,0.46747570848350606,4,9,0
672,79052,40840,0.7833238597547586,5,7,0
399,31664,36890,0.9132470599121155,1,1,0
430,55737,18598,0.3094868323911599,4,2,0
608,121332,24508,0.8266564273059562,12,2,0
643,109563,47287,0.15318450107042797,10,9,1
791,49373,18380,0.9089626493622226,13,0,1
713,137369,31984,0.6856916928028726,14,5,1
685,56397,49633,0.8868040517245164,5,1,0
491,148575,13125,0.10016955960092372,4,0,1
576,106145,41059,0.2521729633203933,14,1,0
460,121371,9033,0.4507834486838429,10,5,1
759,58709,42873,0.4415526130372468,17,3,1
613,136074,22087,0.30405734463115963,10,5,0
321,81120,45901,0.44345074588048006,7,8,0
552,39250,10704,0.21596384080022935,16,9,1
774,41172,12848,0.4714850163394234,1,9,0
358,31555,26592,0.8221188962433378,17,7,1
810,107410,11924,0.5311630567930161,9,0,0
775,98617,32208,0.11620008005069349,6,7,1
489,73276,24614,0.47929963742132264,19,8,0
543,77492,5488,0.12445751448175975,13,5,0
804,73002,44882,0.9696190696361183,3,9,1
430,140103,30923,0.2147085634805821,7,4,0
784,144938,40941,0.7369194936975568,9,5,0
320,109599,34165,0.9754986906028772,5,5,0
466,92355,6667,0.8434351464999147,10,8,0
573,111248,31213,0.7293838376135833,17,3,0
687,44762,9114,0.8555148185506902,12,1,0
615,31046,41321,0.9836188239345649,16,8,1
313,116999,12761,0.6592100475281766,3,1,0
541,144130,36116,0.6032663261463939,9,9,1
645,136021,38768,0.6654142994169532,15,8,0
639,48769,30426,0.5794082980853995,5,1,0
391,73302,22772,0.6715801953187469,13,7,1
666,43150,43218,0.5048579871753034,14,8,0
754,88247,8712,0.2965988645949764,15,9,1
727,24853,6367,0.20822250386050806,16,8,0
808,114613,45957,0.16150684197903437,13,9,1
334,140900,46781,0.3369842053778801,17,8,1
505,109399,31200,0.14151120790216046,8,1,1
380,41792,8726,0.610453701927447,2,3,1
687,79129,28616,0.3554456023211683,5,6,1
301,126019,32723,0.842081327278329,6,1,0
689,94478,42574,0.1668167856895478,12,0,0
405,133811,39958,0.30371634490733734,18,2,1
776,134130,14108,0.7572215323811313,1,3,0
701,87298,17178,0.6389274667451422,17,7,0
461,51987,40643,0.1580421441242508,11,5,1
501,35850,36324,0.8895155114459804,10,1,0
569,32112,43360,0.8895355865435616,19,8,1
570,141789,22824,0.39736720348819643,14,1,1
755,44058,13927,0.4063652590146083,10,4,1
761,65420,33144,0.9901255225151565,15,3,1
551,58890,36010,0.6635585544338244,19,6,0
595,86017,27443,0.5781848685112532,4,7,0
637,67304,19437,0.854336965196732,2,4,1
352,52921,49298,0.35676130452158483,9,9,0
516,125921,44778,0.4862643340567212,10,4,1
487,21524,16207,0.3409990079395008,11,1,1
679,120424,30537,0.8102447619298583,14,7,1
792,35048,40757,0.6160144110716962,7,1,0
340,55111,17040,0.6929425631260635,15,9,1
456,57904,46986,0.3270765248554659,19,5,1
314,74912,27612,0.2982027712395836,15,7,1
364,54008,33441,0.5395371660846449,8,5,0
820,20060,11471,0.7638091741835441,11,3,1
643,94666,40631,0.5727157817681442,9,3,1
428,103559,48461,0.12938110979110176,15,5,1
771,75337,31523,0.8816963556882599,1,3,1
362,130616,36348,0.15821820416361843,1,7,0
438,33350,6177,0.960242035348677,19,8,1
798,44354,9760,0.12262776244954546,3,0,1
691,65186,37779,0.7250054105176379,10,3,0
718,48145,26636,0.1739863573406035,8,3,1
588,54020,21353,0.9196089214916257,15,1,1
678,106123,16556,0.5179899126029885,10,5,1
789,126667,32598,0.22377139733531387,1,2,1
530,95186,16563,0.406734129810862,18,6,1
340,105469,48790,0.24834220781208585,2,4,1
327,40581,13234,0.25352372040138105,19,3,0
434,108929,30519,0.9532974881542979,13,4,0
500,43051,31966,0.5007215010563094,1,7,1
332,71474,21173,0.8099220375148236,2,2,1
347,111748,31987,0.6756450050599137,16,6,1
802,145995,18178,0.708783726104553,15,5,1
706,134618,44338,0.21852409462483469,13,0,0
398,89626,29596,0.3107660021339371,16,6,1
846,26960,38174,0.8080753016389932,17,6,0
761,55772,46974,0.9736895858273047,7,0,1
304,41520,9431,0.33640807833878655,17,8,1
517,69481,32764,0.3444118882759359,7,5,0
802,56408,26627,0.5256074195298144,13,1,0
697,114006,44310,0.9854562815698941,5,4,1
692,148496,13906,0.34206305124382397,17,3,1
506,77134,41914,0.4662747186708375,3,6,0
314,40491,49814,0.902332014061156,7,7,1
760,21341,18076,0.10262892935922581,17,0,1
540,64623,42650,0.1357893684897126,7,4,1
395,110327,11012,0.6436645093640972,1,2,1
784,20338,12151,0.9166421482415623,17,0,1
706,91431,33211,0.3149709943617349,17,2,1
530,32254,32117,0.5226775972126381,11,5,1
470,71860,41378,0.5054187714920365,3,6,1
840,31344,47652,0.5256742114859592,15,7,0
335,21750,11894,0.6602677261567707,11,3,1
824,74756,18467,0.5227693866916154,16,2,0
459,87957,36010,0.502721327190212,9,4,0
542,125423,47641,0.5268595783881345,1,8,0
385,78053,17289,0.6317806971439374,16,5,0
327,90855,49976,0.5833067395162226,9,8,1
639,35896,48596,0.8687223978854539,19,5,0
630,75761,28171,0.14454716814429996,12,1,1
805,82552,39905,0.8499853643257113,19,4,1
647,140075,25829,0.8595321513505516,9,8,1
772,97454,39054,0.35641721937786475,7,7,0
530,146522,49139,0.5165667595142656,14,6,1
489,138681,34734,0.4946846396836919,19,0,1
524,110600,12052,0.29665885091871724,19,3,1
684,142732,8654,0.45711716237768485,2,6,1
676,132153,28486,0.139948994953769,9,6,1
582,142926,23743,0.35003986550356103,13,5,1
558,47935,29489,0.8350139579056463,15,7,0
658,57641,13636,0.3561060715866078,3,5,1
755,49711,11441,0.8363860018734228,11,9,0
710,90342,29611,0.5784395181439878,14,2,1
617,126896,47435,0.891876409625044,8,3,0
524,32182,17149,0.6173015988379736,18,2,0
533,107833,39566,0.12670140075826583,19,0,1
673,76276,47368,0.7078781867923802,16,9,1
771,39541,26675,0.1403682112212118,2,4,0
532,114457,10495,0.5055373170848206,8,0,1
412,102310,47668,0.9364840250258026,6,0,1
796,64813,18673,0.24868354540406515,12,1,0
741,57198,16130,0.4508851176473897,15,3,1
567,28820,27668,0.7568742779636306,8,5,0
809,44070,20222,0.8940327004853629,4,7,1
685,89768,28669,0.7038487042682571,15,2,1
686,31122,39068,0.33235592877205233,17,0,0
412,100559,28253,0.7071470676245946,13,2,1
380,93543,14435,0.367054876993681,18,2,0
412,103441,33552,0.7465863068368617,2,4,1
301,61786,42384,0.9586298148265365,13,3,1
519,114934,21393,0.7492541059956594,13,3,1
524,119804,15617,0.8765924526211711,15,8,0
684,26737,43520,0.10189345885829508,10,6,0
702,56062,14852,0.7458149122584349,3,3,0
429,74237,36401,0.8466288011787253,19,2,0
352,71571,11295,0.13650286379021329,3,5,1
715,45510,40993,0.8844379545594075,14,2,1
546,39426,39084,0.3310248054790413,8,5,1
738,57265,44575,0.6987628917802496,4,8,1
502,37850,41451,0.820319391121066,11,5,1
483,138249,12227,0.6963980617534199,11,3,1
422,86150,36910,0.18305631286593152,11,4,1
700,107312,41041,0.6366893669743315,2,5,1
593,109613,28384,0.5946252910499292,17,2,0
579,94910,5145,0.9102891412668443,9,7,0
497,72375,42778,0.46381575667978825,2,3,1
810,141826,21035,0.3889729873783452,15,7,0
443,55435,8040,0.7748656879928196,16,9,0
500,116443,47422,0.471407793475057,4,9,1
423,77132,31160,0.6814865575045567,8,2,1
486,98945,22633,0.6818050811121462,9,9,1
625,102050,34344,0.899235157924106,5,6,0
763,149828,22014,0.6388231620871876,16,8,0
648,115402,19996,0.5519382489657882,13,3,1
702,22983,46621,0.2249841937568653,7,7,1
645,117241,16695,0.20416384601083482,17,2,1
810,40662,7852,0.23888940875477147,3,6,1
446,43510,21014,0.25466363319438506,5,2,1
447,98187,32042,0.6740893833972705,19,6,1
788,60998,38755,0.7668831252471207,12,9,0
637,76846,45390,0.5769923706337768,7,9,1
772,114071,28711,0.846115959290942,9,5,1
450,26640,31122,0.9921369040602699,6,1,1
714,64547,14160,0.8380113662074204,17,2,1
597,74620,32213,0.7253941363083632,16,5,1
562,35317,44420,0.579243429493432,3,3,0
443,135608,12421,0.5039677645072375,4,5,1
645,27564,26400,0.17595314249008812,10,0,0
301,47345,38537,0.45943187355522186,5,9,1
603,133824,22727,0.9191211731039208,10,0,0
553,114223,9358,0.8272203669158976,12,2,0
752,143372,33482,0.2944462285105185,10,7,1
336,99273,37117,0.5199470062274943,13,7,1
459,94859,28164,0.8350508823026901,11,3,1
308,100765,36910,0.16064609930697027,16,5,0
532,130017,37496,0.4486533271017934,8,7,1
398,94038,49311,0.8666571131865529,8,6,0
507,143618,34371,0.4635080777531114,8,6,1
430,72393,43467,0.16985318025829677,13,3,1
703,86081,22625,0.5882809316790263,2,8,1
451,145341,38893,0.8755682454264658,12,9,0
353,122650,15793,0.6312569886578437,10,5,1
419,49430,36007,0.30365119739280866,12,2,0
719,95532,30766,0.4458156581236432,11,4,1
721,47788,44532,0.505111025063739,15,4,0
403,115505,17323,0.6213397184384741,16,4,1
553,68543,12843,0.7834159231773518,17,7,0
526,33919,19210,0.18898625587657186,2,8,1
411,89346,21456,0.9006868297158097,18,8,1
809,116122,36367,0.11107873271446804,12,5,1
772,59974,15106,0.43304710120682977,19,5,0
398,127309,42957,0.1246782789753919,18,8,1
452,36371,7472,0.45367680281076217,17,3,1
637,65084,11704,0.5732313389859914,6,5,1
462,49629,8713,0.5605132479233605,15,3,0
460,71184,10051,0.24906551232543883,3,0,1
697,81916,15756,0.681166459086051,6,6,1
576,147293,7475,0.14030060545420142,3,9,0
803,93972,41378,0.7857161381191738,1,5,0
691,82187,9255,0.9519799905941916,13,8,1
434,32984,19484,0.4057919444360061,14,6,0
494,53039,39503,0.5655154435428987,13,6,0
700,105431,13258,0.441019250252933,4,1,1
332,103691,45747,0.10603935127365396,7,8,1
759,78606,40196,0.4472870526056043,10,9,0
769,30616,45194,0.8125482333352119,7,8,1
674,122665,13533,0.6363899579651336,15,5,0
321,125373,37581,0.19113392315364303,15,2,0
337,70072,10249,0.8624255407244066,4,0,0
529,44574,24201,0.5779768103967186,6,3,1
664,23430,14686,0.8575510255702085,5,2,0
737,139123,37007,0.6221993669065264,12,0,0
582,32676,5661,0.6037196003541458,1,2,1
326,30816,49843,0.19473326667731117,8,3,1
525,52733,35137,0.25062375982476515,1,7,0
576,105680,47828,0.9748227308469319,5,8,1
583,22050,15526,0.3056380720792937,6,2,0
780,129996,8374,0.9797069061913312,3,5,1
752,53933,30592,0.578721435871837,15,9,1
815,44951,33982,0.22221014235754344,5,4,1
846,52413,5207,0.18937198247832365,14,5,0
491,54801,40433,0.28797766363516597,18,3,0
348,75619,28197,0.9330735970228022,16,9,0
811,52913,38400,0.4727352018954041,6,5,0
316,132573,8083,0.455890841193623,14,6,0
471,139076,34328,0.38188563496315664,8,8,1
519,60600,47891,0.23235566550992956,7,9,1
457,77775,25103,0.5390660774731658,8,6,1
776,110816,44891,0.21704300426002482,13,5,1
345,149972,15754,0.8519322127440948,6,0,1
672,110093,39447,0.4333572876477758,18,1,1
817,132590,20901,0.4373232110036167,2,0,0
398,55400,38004,0.5266057856348403,8,8,1
336,24494,12446,0.4997149418491764,11,9,1
579,100688,42211,0.9953721757533894,1,9,1
648,142744,34301,0.5908430090964722,6,8,1
796,109431,31116,0.17938153341088364,16,6,0
601,94691,46323,0.6461896074192369,12,1,0
480,117419,23752,0.23642586358289197,11,5,1
398,128730,37376,0.12784388025820778,10,3,0
415,63001,21669,0.9736679383095234,3,0,1
490,87364,37916,0.7961850023811075,13,0,1
552,144988,18395,0.9820980931723903,3,4,1
460,65028,25421,0.5300906032200182,15,1,1
555,127434,31342,0.5790317780340786,16,3,0
622,117659,9895,0.2515032603272172,13,0,0
427,57573,16023,0.32221668400082704,17,3,1
317,20806,15699,0.8546942934125453,3,5,1
622,144343,14715,0.42056708240583474,11,9,1
587,76638,24169,0.844133476416777,19,3,0
454,148301,21163,0.7381123518583286,11,0,0
789,146295,10782,0.259453832744679,16,6,1
685,126506,27641,0.556701729507768,3,1,0
403,49757,23792,0.7096485893668452,6,8,1
692,54636,40585,0.3115334933234426,14,2,0
545,100097,35682,0.8476196594680692,18,7,1
475,68280,23880,0.5903448917906682,17,7,1
338,44262,43067,0.2487178453983429,4,2,1
776,100435,47685,0.6246859835481422,15,3,0
837,82211,23073,0.9997424237403226,11,1,1
707,74842,41035,0.23546934249707221,3,3,1
824,148583,42174,0.8350812371075753,3,8,1
805,76979,29837,0.28657810286880214,16,1,1
335,134524,22826,0.8041494965140785,5,2,1
319,101470,29981,0.7611201308092719,10,3,1
620,58197,15382,0.37044044704038914,19,4,1
811,61844,9437,0.3932408058080048,4,0,0
699,84754,10435,0.8132692527666272,19,6,0
770,121868,29819,0.5153009606985814,11,9,0
442,54157,41875,0.7577362258406279,2,6,1
391,97129,36982,0.2331857326292513,10,8,1
653,60042,38328,0.8673020037113982,11,3,1
350,81665,17329,0.7397962450140873,16,5,0
489,135512,30169,0.9162485279513505,19,1,0
424,136953,26932,0.2191351411314752,11,3,1
449,102856,39594,0.6337130503245378,14,1,1
613,47376,16421,0.6392085265362927,2,9,0
641,129049,12629,0.41811466649210427,5,4,1
604,75554,13325,0.5126197821123321,5,6,0
353,34199,33495,0.13418340696086814,19,0,0
743,138533,36750,0.7712740347643108,12,9,1
563,101412,34619,0.5943902314628566,18,9,0
352,70948,45461,0.1519669466822564,4,6,1
304,93781,13264,0.712680303664437,17,9,0
402,92750,17686,0.5201038695080692,10,5,0
495,86262,29226,0.13101513348250002,6,5,0
649,137424,11721,0.9726469541632858,14,7,1
346,66600,25609,0.9542009287804964,11,7,1
568,96898,12373,0.5616121745324778,11,5,1
669,82483,43675,0.1843051786353192,18,2,0
405,38297,33937,0.7791590994387326,18,4,0
419,50448,10656,0.5427379900951561,11,1,1
357,46172,13984,0.37220273046044194,12,4,1
645,62874,34984,0.5422763597757011,5,8,1
773,27657,13286,0.570199730864918,9,9,0
416,104386,10901,0.6064405291201053,9,0,1
426,145617,36552,0.49710134228979386,10,9,1
692,45425,30709,0.645179772825151,19,4,0
357,46685,36055,0.9268612395457396,1,5,1
812,142000,42685,0.42604127838873207,7,6,0
395,132855,13429,0.7531448168979542,4,8,1
417,44578,19716,0.9050073011418089,1,5,1
787,48831,16138,0.5103813481839432,15,4,1
536,27906,40298,0.4991102527437137,8,6,1
571,81413,28429,0.6419052868193016,12,0,0
488,74028,10772,0.6322660834802393,18,4,1
746,27287,40732,0.8259304080936493,15,1,0
546,53660,44905,0.5288350454004634,17,3,0
375,95758,22347,0.996510654675497,14,6,1
453,80504,21920,0.15352441198055272,14,4,1
734,79720,36822,0.10285106372263157,18,5,1
385,122979,45108,0.6761784804036615,18,1,0
584,54701,28563,0.368591421125689,16,2,1
519,103300,12967,0.3163441498295354,1,6,1
368,130177,16871,0.38070917200385246,11,1,0
346,37674,33763,0.33044280859445885,15,5,0
393,103560,16916,0.12771104469440306,12,4,0
752,131543,13734,0.9743797381515298,8,9,0
503,43874,38613,0.29867093960750357,6,0,1
517,63642,33179,0.7606267863303756,3,9,1
773,143867,40262,0.7863367552247578,13,3,1
731,117820,17677,0.9363316582065063,13,1,1
640,85160,23268,0.12749451138404197,2,3,0
588,37602,17330,0.8848435046023069,5,0,1
553,123320,25733,0.5745035627558203,17,1,1
656,108801,42947,0.6692896989692451,6,7,1
322,45931,32286,0.6800232494089303,2,5,0
821,114377,11610,0.8378180244862548,4,1,1
399,49192,11430,0.40006658994319944,11,5,0
479,66542,44922,0.759746070873994,8,9,0
522,147015,18828,0.5757202987499774,12,8,1
741,62520,47913,0.814054612874813,8,6,0
624,84772,36497,0.9914914294931201,11,8,1
815,78762,44256,0.2805859156633851,8,4,1
315,70106,41618,0.9951837774039981,8,6,1
635,101121,31526,0.1808309388544966,17,6,0
557,45559,35158,0.10208579311433248,16,2,0
796,125595,30032,0.13974574256004815,14,6,0
459,53742,42846,0.40760416426308554,11,0,1
774,89669,49936,0.6696156976105907,7,8,0
679,100199,34794,0.16212658679906466,16,9,0
844,41754,10448,0.10509923307661055,13,5,0
726,23972,33861,0.9433819256129153,15,4,0
567,90831,33141,0.8397339723459367,16,6,1
716,132217,14074,0.828264854025128,9,4,1
467,61873,11406,0.8959818479517794,3,9,0
342,114661,36823,0.7300308454948939,19,4,1
584,126532,28291,0.1939637167732733,5,9,1
696,146267,46568,0.4591901692663508,10,6,1
311,29903,37003,0.7508345378181666,17,9,1
601,23020,39406,0.35230101471236885,15,6,1
552,61755,28312,0.7186657277226138,8,2,1
798,105956,48108,0.12204860344088712,15,2,0
334,106988,6382,0.3755236067916339,14,9,1
389,65648,39171,0.5942173026494554,7,2,1
717,123537,46779,0.6688808465556181,12,5,0
414,145991,8292,0.6193365980157197,17,5,0
495,29516,46779,0.7279806484660866,17,2,1
800,132863,38187,0.10547987341585517,10,2,1
792,135005,17411,0.19084707997976935,19,7,1
374,22396,42285,0.8820498270512306,14,7,1
712,104082,20422,0.7135737796811451,11,6,1
675,39129,47468,0.20163847841741017,2,9,1
719,148322,37371,0.8578669936587213,18,3,1
576,21591,10693,0.3180080960421102,7,3,1
693,31303,38535,0.5304338957757011,12,2,1
756,50561,19818,0.23067686159619427,2,4,1
491,91719,36238,0.739099050779536,18,2,0
398,138618,35874,0.700168978912841,6,7,1
847,112108,31715,0.29000122404952255,10,6,1
395,148748,32605,0.8770606901713016,15,2,0
489,119616,39317,0.46117542179774096,5,8,1
336,144165,36174,0.3632635819636676,3,4,1
668,106231,14956,0.2370966305180819,5,8,0
824,27314,43908,0.3395512112639837,8,6,1
578,137071,15837,0.11982422910143531,8,6,1
516,39623,8716,0.624931743210504,8,5,1
572,87675,9481,0.858007671709553,12,1,0
361,132992,29282,0.5940824044974776,8,8,1
641,116826,11548,0.29734656573148815,11,5,1
696,85082,42605,0.13030226039248546,14,7,0
318,149839,12758,0.2931652659329226,8,0,1
476,103624,48668,0.47450928526398306,10,4,1
695,125228,28177,0.7836502858298168,7,0,0
744,53130,29022,0.2690585672839967,17,9,1
532,71756,45761,0.7478123080192175,4,7,1
375,117624,10542,0.8802401215166953,13,7,0
564,46292,30476,0.5085521632975214,4,0,0
754,131785,35784,0.839288792478334,5,8,0
683,147331,27740,0.5991916132315861,4,1,0
805,106206,29817,0.6733817533728145,18,8,1
666,89274,21052,0.5736506143043825,6,0,1
443,22469,40153,0.5168554450762076,2,9,0
368,73947,5671,0.31118809759826443,11,8,0
398,42534,5163,0.3728746535149414,14,3,0
695,83620,46424,0.3609731070492481,5,8,1
324,68874,49002,0.6069600378584332,6,6,0
768,69708,9795,0.20795832372150092,10,5,1
783,94553,15634,0.9251125216321016,8,4,1
450,88344,9798,0.7485896307548019,14,8,0
443,69138,27420,0.4613010678218743,3,1,1
338,74302,34300,0.2427617300737402,12,1,1
408,67638,29345,0.8937929527494722,16,8,1
341,98249,15749,0.8414002810910487,17,2,1
485,125865,43595,0.7495493974454613,1,7,0
697,22719,30121,0.34439234267011815,10,8,0
522,42890,42487,0.462201973690302,10,7,1
432,97236,33411,0.19247342720718102,2,3,0
462,56509,38361,0.2701355722547786,9,0,0
514,62534,26223,0.8047149735850596,13,3,0
534,122302,12394,0.7435348469656154,16,8,0
308,112241,19056,0.6341371866783412,18,1,1
373,38787,33380,0.9061540533335556,19,2,0
791,146209,31035,0.6249398660317409,12,9,1
552,68845,35620,0.5202711999672497,8,7,1
529,77932,24877,0.4063336716751864,17,5,1
818,112124,48404,0.9464036551625553,15,7,0
473,111659,35911,0.17444391537191817,10,6,1
467,53062,37784,0.9377986348547276,15,4,0
469,95713,8191,0.8440431939379165,15,8,1
692,107263,38160,0.21693693208213116,7,3,1
493,115756,30000,0.6084859219077282,13,5,1
816,80461,44040,0.8798931835741782,17,1,1
328,95418,8631,0.6146282472464384,9,1,1
464,86672,11172,0.91647983940456,8,1,0
721,148232,47080,0.9486854351344383,18,9,1
638,54832,28561,0.4801460699658753,13,6,1
795,147335,29817,0.43958229526569126,16,1,0
664,51966,25281,0.9426890385722412,9,1,1
641,92545,33671,0.7076260550347012,12,8,1
799,32987,30364,0.20442041321335236,12,6,1
810,57311,46674,0.13806257430041308,6,2,1
626,51575,32425,0.6081661458975368,19,2,1
516,83852,33602,0.9371538688945821,7,6,0
600,147650,28253,0.8598238321652365,3,4,1
431,21007,28472,0.7082629718179028,16,9,0
369,90981,13080,0.2252042640019788,18,5,1
551,96242,12099,0.328808245373826,16,7,0
714,67517,30431,0.8879601038973546,7,8,0
744,130022,36186,0.26452651299121044,4,0,1
481,49257,35111,0.35059546742539116,8,2,1
466,107272,44851,0.21664058607589776,13,6,0
390,62207,27614,0.70849740827297,13,5,1
830,33281,31724,0.9495840748268887,17,6,0
338,81246,46991,0.34207122843584736,17,7,0
425,21435,9940,0.5278659470650664,5,5,1
750,118875,33758,0.6709057657400839,6,2,1
472,120686,41224,0.9995196233940676,19,1,0
519,111357,12788,0.1943272584978149,13,6,0
357,46660,33082,0.5487137195551383,14,0,0
775,25084,29034,0.44660810791225003,4,2,0
755,102197,40479,0.8792381487001196,7,3,1
660,33507,16280,0.5283709579104904,8,0,1
300,92595,23052,0.19987977212663327,13,4,0
686,103807,21531,0.6709817307579252,6,9,1
647,65539,27804,0.7937025564374918,6,2,1
489,135953,33903,0.10259312649905314,3,1,0
804,27491,49857,0.8730610168785665,3,2,1
490,147706,15142,0.2674207000050991,13,7,1
807,132831,14866,0.5968624281880401,2,5,0
668,70192,9531,0.4742177506187052,16,6,0
708,100395,43098,0.7476884349494773,6,5,1
416,143797,43278,0.4340454533071677,8,5,1
433,83888,33138,0.8827868590135397,8,2,0
357,93609,32065,0.7574467248629112,6,7,0
472,29077,34956,0.6829418539566293,14,6,1
448,137440,46732,0.8166165360065689,3,6,1
379,142901,44261,0.7786207314355441,10,5,1
512,40953,15759,0.13234480742939803,3,4,1
502,96919,10439,0.45526091846034533,12,9,0
528,134682,47533,0.9377265675848409,17,7,1
526,141041,33270,0.21315184209300359,5,4,1
831,87889,18279,0.7633868953888461,9,8,1
740,43821,44279,0.9771326302017967,7,8,0
701,57567,49251,0.14697876614047448,4,0,1
346,135374,28888,0.7139744925639494,13,5,1
532,44860,22630,0.5213387271709273,13,6,1
604,41195,40144,0.6212577298372499,10,2,1
825,97475,36182,0.17680720283589235,18,6,0
442,110874,30538,0.13870625668024555,17,6,1
714,107266,16824,0.7001799944958296,13,1,1
812,41427,37125,0.8409784868386461,17,6,1
672,120732,11979,0.8038138014396705,4,0,1
558,47083,31189,0.5894251550796137,1,4,1
770,107046,47600,0.18988013902256035,1,8,0
311,77372,17504,0.7192399994524125,15,6,1
629,143786,25669,0.3176999951987314,13,6,0
657,64064,11910,0.9199618324906452,17,1,0
707,27813,39964,0.8544388235911344,8,7,0
672,51598,25131,0.7384446703786518,18,2,1
307,132718,30227,0.9539613602480174,13,7,1
421,146879,10978,0.12827963936014564,14,2,1
647,113106,26991,0.7625803825546857,8,9,1
389,47082,22153,0.3972185014027648,8,6,1
615,49241,38548,0.9154592971177288,15,1,0
477,116214,47676,0.34000767699577983,13,3,1
839,64569,44071,0.7523708493835154,7,5,0
340,31745,8983,0.8898823176857033,5,8,0
801,46029,14503,0.1374911365444142,17,4,1
444,33025,34921,0.45788282163283256,16,8,0
500,121660,21905,0.7860781288197448,2,4,0
760,143395,28953,0.5094270005568284,18,9,1
846,34288,31806,0.3405273668142358,17,7,1
552,109186,27168,0.297824813940871,7,0,1
689,26540,9583,0.2183664402247401,13,6,1
555,117768,43714,0.871416603870654,18,3,1
749,101958,44896,0.6178198629264003,14,4,1
309,88878,16889,0.1687464504923104,18,5,0
541,61846,32413,0.4443222912135719,13,4,1
550,121148,17275,0.4309602857245989,11,0,1
304,95932,7461,0.26356527163851673,16,8,1
418,37482,19291,0.49195686292497165,17,1,1
673,43411,16435,0.39888942885382284,8,8,0
364,70975,32935,0.4076233349429643,19,9,0
445,80545,38453,0.7651239020091628,15,1,1
523,132302,23544,0.3009370469546767,9,8,0
538,98797,17258,0.6776739629698199,10,5,1
476,72307,35841,0.6135846614928414,12,8,0
581,23093,15736,0.6112832611040806,1,5,1
362,97258,42643,0.6967066115275983,9,5,1
516,42042,48950,0.5935438325760886,15,1,0
760,72930,39964,0.8913296033617462,1,7,0
404,137584,33044,0.7080220827552338,12,2,1
398,64413,44933,0.5922669262342494,3,6,1
810,133387,20997,0.8467868082588804,11,4,1
684,113623,19215,0.6455319084401318,2,2,0
704,117883,38069,0.3620298230066611,16,0,1
817,53756,28911,0.2863854263589141,9,7,1
775,73268,22030,0.23709500709641093,15,2,0
736,59214,34334,0.9095096912914914,12,1,1
322,101871,19571,0.7391218886182592,1,0,0
757,147844,47719,0.9436405943478887,13,3,0
382,48602,33927,0.6429626251434487,14,7,0
444,73331,25714,0.5260607933454213,8,2,0
384,68901,48541,0.1537448400738004,8,0,0
377,119986,28387,0.7044780533914268,12,3,1
756,83416,33444,0.623987883791408,1,8,0
300,52196,24921,0.9911880042288593,11,0,0
350,148386,18057,0.3152429000040188,8,1,0
745,25626,29858,0.5776636197581523,10,8,1
748,27424,49638,0.6858616016062654,19,1,1
787,32857,31062,0.6801320572681092,11,2,1
333,130459,41850,0.6051641886535625,7,6,1
647,135621,25567,0.7992352092945029,11,2,1
394,39982,34739,0.2844830885741348,17,8,0
371,96961,48285,0.7530644802469743,1,5,1
453,21980,8754,0.6577611142897802,8,2,1
549,68290,32044,0.906467600615116,6,8,1
737,46431,6724,0.8624749951302235,18,0,0
417,104976,6376,0.38363233521929796,6,9,1
605,127288,13706,0.3486135924776378,5,2,0
567,102711,13894,0.9834879914672031,13,0,1
353,134187,23037,0.5745386628237309,19,1,1
535,46385,23450,0.9157788675229931,8,7,0
688,58158,21406,0.24749292140243398,9,6,1
700,43019,34725,0.6785370233201569,17,1,0
602,38639,10926,0.8288741686245276,3,1,1
506,105530,44019,0.9526557246278021,19,8,1
528,119911,14496,0.40360612691532116,11,5,0
374,41563,41068,0.7524830529316472,17,4,0
734,59341,34806,0.5849317081356572,19,9,1
402,135672,27663,0.1545660334598214,2,5,0
721,25776,46321,0.7209997635780491,8,8,0
605,56444,41495,0.721086902414059,19,6,0
397,88916,27656,0.9375461243618833,7,9,1
634,28711,30860,0.5475812015520752,17,9,1
734,94318,21832,0.30722582863946324,6,8,0
746,102970,43787,0.14010744110381124,19,3,0
607,132301,26727,0.47407796801731517,6,1,0
548,105553,47815,0.37172503006975166,2,7,0
465,50707,34545,0.784979475421488,6,3,1
780,59110,49522,0.41884098835694195,5,8,1
634,149410,7520,0.9541640766833596,19,3,0
841,81788,8081,0.9660791826890058,4,7,0
405,102879,39196,0.6588177311959372,17,8,0
380,58827,41735,0.9357942583133946,11,8,1
432,127188,44213,0.784768910063046,4,9,1
437,25655,19566,0.5921736768776136,13,3,1
483,64859,19042,0.26227714188050033,17,0,0
700,73625,30498,0.512738149162456,9,2,0
629,72098,16329,0.6047870170263558,4,8,0
807,35251,36656,0.8775654226615092,14,3,0
368,142413,7159,0.5332000388820984,19,4,1
845,20526,42900,0.907907205410161,3,6,1
352,88760,24363,0.706914081121122,14,4,1
749,67837,48241,0.22329915674830425,8,3,1
504,145133,24033,0.9954832323925836,1,1,0
425,149478,15805,0.5745093946785214,10,1,1
342,31536,40851,0.45267246676817097,18,3,0
410,48541,31832,0.6932023880225738,16,9,0
482,99083,18944,0.19800398258293517,8,9,1
394,71027,24873,0.6728847820780189,1,8,0
673,54531,45372,0.5484124004493457,12,7,1
819,28712,28928,0.46600666299872484,8,2,0
659,124101,20379,0.9577180190610093,16,8,1
580,85455,41751,0.5702857450588479,18,4,1
494,94744,39546,0.2972057315229446,4,2,0
494,141787,29286,0.5130671314395688,6,4,1
392,149749,10110,0.9274486641154054,12,9,0
360,25109,17087,0.25848592419753524,9,3,1
350,141332,28762,0.2925613348194132,15,7,1
702,69268,22081,0.11172661098137537,16,4,1
304,120737,39947,0.11277104445619046,12,9,1
765,74615,14596,0.8464524642626613,14,7,0
833,102503,43019,0.7589103461586603,13,8,1
704,143274,47003,0.41953695080676245,2,3,1
812,49759,23313,0.7284800415048155,3,6,1
532,105708,6013,0.45568533367897324,10,1,0
823,80112,28705,0.9576071163980447,9,5,1
645,122471,6828,0.9703474132834313,8,7,1
345,146740,12909,0.4535143982284091,10,6,0
845,143153,43356,0.8687997157067813,19,6,1
377,46589,18109,0.7957801375277196,3,7,0
372,50015,7023,0.3789999434546104,5,6,1
548,49009,19537,0.3088358460109954,3,4,1
346,103309,31661,0.5124111853535505,16,6,1
420,146446,43659,0.8032139565529656,17,9,1
513,82046,38848,0.9641510062558709,15,2,1
538,126661,42804,0.7872211619799153,3,4,0
355,46143,20379,0.869686286516533,12,6,0
649,26154,32766,0.6427578755534649,9,8,1
406,41804,48590,0.8518670477579133,12,1,0
347,61688,7563,0.8059787722030759,15,3,0
636,84288,41060,0.43928698773365205,2,6,1
325,71195,34197,0.596791271908649,18,0,0
556,40581,8586,0.8242778097907254,12,1,0
307,72648,21087,0.14145106077096076,4,8,1
552,50087,28225,0.8272713541202469,16,9,0
602,69930,34750,0.2600993116441211,16,6,1
355,52981,11643,0.5632152554092951,1,9,1
825,89298,32523,0.8274478956003438,2,6,1
773,66167,41727,0.32843897034102537,3,5,0
327,95304,16005,0.3212266953755377,17,2,1
377,63408,48543,0.46248795861602665,1,9,1
515,59499,5161,0.9051785178198711,6,2,1
685,145816,21029,0.1003985032934871,15,1,0
664,72269,19226,0.9112447869777415,14,5,1
825,58559,33731,0.23842632217744703,15,3,1
611,134126,48922,0.9910777384607339,14,4,1
306,94319,49848,0.9593622937346212,5,2,1
302,131925,8390,0.545207670632155,6,5,1
662,115317,10997,0.5614482230313653,17,2,1
807,116347,17693,0.5333944062482688,11,7,0
573,68787,47092,0.6718992810935703,16,8,1
805,55488,5541,0.18164953201143794,12,3,0
314,94441,26817,0.12935615350740987,15,8,1
491,94663,42861,0.15193263557430897,4,6,0
784,42431,18428,0.4999288143173629,18,2,1
327,81681,48934,0.34799314529753506,3,6,0
338,83483,15258,0.6598356061338944,8,0,1
572,142720,21044,0.9931980604373011,3,2,1
530,69153,34411,0.4476908557688193,8,5,0
385,26368,10469,0.616457128694062,18,3,0
773,47424,33854,0.47404350631660197,10,6,0
425,132360,11256,0.8625445009496734,17,2,1
836,65004,15720,0.9120127631160143,8,0,1
444,103869,38937,0.8896200509847341,11,8,1
824,108652,38598,0.9769350148113318,5,5,0
511,132755,6651,0.12476726662637377,13,7,1
324,76985,24194,0.8558345459309779,5,2,1
693,70069,30051,0.7765949557351839,13,7,1
366,72326,32386,0.3058249684603283,6,1,1
532,128737,14518,0.9606880840487748,5,3,0
408,101061,21184,0.23336013540695094,9,2,0
445,43398,38787,0.7115949344205176,16,9,0
410,118393,26621,0.30240119513432123,2,0,0
527,70861,15028,0.4882425838966672,1,6,0
410,95897,17448,0.747243907250112,8,9,0
769,101905,39051,0.606992177829742,19,1,0
333,147118,35447,0.4847516481953006,11,3,1
668,88577,23394,0.3937045878387885,12,8,1
724,85641,39501,0.8556936901379113,12,5,1
817,29078,35254,0.22943291528333234,7,7,1
581,45003,23509,0.48709258887682005,13,1,0
619,82768,19472,0.9133818145976279,8,6,1
742,71047,8471,0.8612645954139709,9,5,0
614,91626,46796,0.46084758622574207,7,8,1
676,77660,35268,0.7867975272411775,15,6,0
588,124386,13329,0.8408447476379733,2,0,1
736,69786,39865,0.8999986816032668,12,7,0
576,21925,33272,0.5900551921443052,1,9,0
802,103976,47845,0.28401479744924063,8,2,1
815,125221,11397,0.3297781688535385,5,1,0
649,137832,37373,0.36612520663744386,15,2,1
745,145150,40525,0.634422232728654,1,5,1
649,46015,29570,0.1295286617157476,1,2,1
436,53320,23284,0.6724382219019714,10,9,1
542,84881,23994,0.4279188145854088,10,4,1
842,110827,28284,0.36571762224067794,15,5,0
339,140071,22833,0.8915469136553137,17,7,1
528,122215,30122,0.514002156022719,6,6,1
847,46289,10017,0.1855477409794235,3,7,1
522,148859,21370,0.8440720912236224,13,2,0
305,23389,34252,0.14287713169285596,16,3,1
621,45683,12999,0.754074301751377,8,5,1
767,33629,27436,0.7965155995935986,15,6,1
374,81550,47963,0.41734234533597236,17,8,1
303,44826,7096,0.842309070650008,17,0,0
417,120734,30279,0.5640934652708081,13,7,0
803,46630,48363,0.5169642879455172,17,7,1
740,118762,31201,0.1408629533218233,6,5,1
493,66163,24715,0.36102627428401535,17,3,1
691,118511,34309,0.9379089737967699,16,2,0
325,86435,20078,0.45264156695515,14,2,1
734,31653,10105,0.5920304685010915,13,5,1
472,47961,34312,0.5788195110858266,6,7,1
599,101941,7839,0.631387980840424,3,6,1
625,94137,8384,0.15519786007895436,14,0,0
709,53662,48619,0.4259586293188554,14,5,1
417,118818,47821,0.7508154464942988,15,6,0
524,76446,18493,0.28050422596568464,8,6,1
831,41288,22069,0.2832205397917244,15,8,0
412,142555,12531,0.10908154602012227,13,9,1
439,115081,42051,0.49373373394738873,17,4,0
300,56877,12736,0.8944609426060798,3,0,1
389,131562,12710,0.14671084922857813,6,1,1
619,35313,6619,0.2720068385464024,5,3,1
849,100885,18975,0.3790760845084796,17,4,0
438,92715,28252,0.7585522629077915,2,8,0
810,30326,20261,0.6765720335223279,15,0,0
558,130091,6431,0.47434951412366955,5,2,1
309,145836,14067,0.7831620453325381,6,4,0
560,21560,42481,0.6486679104912118,6,2,1
471,99148,32037,0.9064367196914972,18,3,1
312,103186,14557,0.8362240742248237,18,2,1
467,46745,14435,0.3275322454802805,4,3,1
620,51890,42766,0.3442947198707802,17,0,1
618,40022,5162,0.21282082821314707,14,7,0
628,143629,39742,0.4032682531457109,14,3,1
849,72579,24675,0.9995895268471848,13,6,1
718,90316,13461,0.4651760517535549,7,1,0
394,103847,22015,0.29843959122019575,12,1,1
617,48380,37591,0.7862345960279977,15,5,1
535,130198,33047,0.5882239031163905,19,1,1
633,22356,39782,0.2346413045742573,11,5,0
675,90326,14833,0.44262071304477923,15,1,1
758,112447,12896,0.473022743985409,12,3,0
436,134994,37972,0.7784467305122967,3,6,0
846,109899,46800,0.11860423200271403,17,7,1
812,40049,35508,0.3421176821184794,3,2,1
595,95717,10347,0.5658366711839699,19,8,1
619,125361,35314,0.34196206820755903,4,1,0
648,36082,7643,0.665590642677099,3,7,1
528,20661,45785,0.533680731347155,16,7,1
569,57412,23681,0.42553922937362254,12,3,0
590,134015,43328,0.954287764183461,8,0,1
464,143191,20892,0.6689435492678116,17,0,0
304,22920,22073,0.2169472350411471,7,1,1
678,111194,41768,0.6040825276990559,11,8,1
377,134306,35682,0.8026586678808109,18,1,0
709,80315,37262,0.7376407277435176,1,1,0
431,99561,36358,0.25488030636573344,3,5,0
341,28946,19289,0.975177999136093,4,6,0
388,114242,12927,0.5039322811719454,13,6,1
701,65500,6171,0.24312250336623517,6,8,1
595,124540,16918,0.26217617871533316,14,5,0
594,36309,46903,0.18841149297017246,5,7,0
825,75230,44110,0.8231662975914409,16,5,1
721,131822,16929,0.2098274448896638,15,1,1
322,118656,7539,0.21261273142757225,15,0,0
442,143782,41727,0.8654244532847539,4,4,0
444,50027,27669,0.41014367600280366,8,8,1
524,146768,10432,0.1277721138772652,16,7,0
802,92541,25644,0.1467057695665698,16,3,0
403,132340,23745,0.227953402033506,4,4,1
338,134846,33228,0.29205401317812063,13,4,1
497,79321,39521,0.6986315748145648,13,5,1
690,20956,36703,0.24159365200164543,2,2,1
478,120375,31928,0.2069869520593648,3,4,1
747,94131,23322,0.7882472273286513,8,1,0
799,67908,27360,0.703949755473923,15,9,0
314,98339,34055,0.4917917993097126,11,0,0
588,145659,47891,0.5943787943320936,9,0,0
777,45963,21376,0.38078561829377666,7,9,1
530,121757,11588,0.5342503782118246,13,6,1
719,59443,30000,0.5560053840844712,2,1,1
456,119259,11304,0.4485135440602863,8,3,1
849,59063,12345,0.9159149896049464,7,4,0
740,134225,34300,0.11445567848290554,12,6,0
396,136400,29259,0.8039541367821216,19,1,1
710,100818,30470,0.21194454811719188,7,5,1
588,24703,28017,0.8177926244834794,10,0,1
553,85128,20352,0.6543207241090491,16,6,1
495,92099,38365,0.8589502818427621,3,8,1
821,45849,24446,0.1877628930768077,10,4,1
816,51860,7336,0.6030825706897966,6,4,0
417,51585,14879,0.5509790922359774,18,3,1
458,42015,37316,0.7355738646670228,18,2,1
527,97539,38340,0.5808614967043082,5,8,0
515,63585,12521,0.5866611104197937,7,4,1
314,46958,11171,0.4866363492184582,2,7,0
456,46017,28481,0.3779509816066068,11,8,1
560,96707,23474,0.534037925126973,13,4,0
456,144677,49629,0.20664312289156053,5,9,1
346,65350,26008,0.9653620050847763,6,8,0
623,32201,6633,0.7429696872639384,14,1,1
429,49426,17485,0.9572204050190621,12,8,0
710,37778,48617,0.3040546440969669,4,3,0
394,65241,8648,0.8914069181588752,6,5,1
591,62229,18140,0.8279109861071846,10,5,1
582,106652,22921,0.7094371712119063,18,5,0
368,148267,19357,0.6625262674766852,15,1,0
310,138402,8137,0.38489469874108295,8,6,1
553,68364,5097,0.8347697064685277,9,5,1
849,118833,16407,0.5513639153317604,5,0,1
433,146503,35575,0.16380241830215683,10,1,0
322,149044,17722,0.38157684476961706,6,6,1
645,104878,17924,0.9417673886907948,16,0,0
601,77056,8750,0.8656122345443616,3,0,0
662,47490,32733,0.9837151282688852,10,0,1
695,147769,13535,0.6651940443436882,11,7,1
517,39975,29487,0.32275906582637076,11,3,1
440,46723,35651,0.2465335447091774,17,3,0
509,43279,9666,0.2682229965476155,4,1,1
759,98301,21994,0.11781609251252895,4,0,1
655,132214,6727,0.45161389988734524,17,9,1
623,31561,39622,0.2722849124495883,9,8,0
432,127435,15800,0.47048991441103216,19,6,0
426,86061,42823,0.9414949886548889,5,3,0
405,108397,48039,0.48748618855647097,6,5,1
677,69153,23708,0.8901860472863513,3,1,0
350,53142,17819,0.6449542899542888,1,6,1
328,46916,14369,0.3224183991952527,16,1,0
761,84324,14283,0.4202692833332903,11,9,1
595,64965,35573,0.1755275822392865,13,7,0
596,145932,18171,0.40011633423640947,10,7,1
706,24648,35933,0.7097868509531806,3,0,1
704,55133,10774,0.16489998363649166,9,7,0
645,70677,11519,0.28486126763022646,12,1,1
719,116059,15983,0.4432969372719804,14,5,1
481,114588,35932,0.9838445833143663,1,0,1
300,119950,35798,0.8063756406629922,18,4,1
670,118317,23133,0.7601380718428935,17,6,0
730,90135,19939,0.20457186087290138,9,9,0
608,55046,5781,0.8028963042534923,9,0,0
436,67064,32624,0.8067419303644137,10,1,0
501,121459,11823,0.6409924260618954,19,6,0
735,126625,23489,0.9913256037985347,15,5,0
612,89350,44961,0.39272851533209674,5,2,1
416,65893,34118,0.9471452034176665,15,9,1
543,121520,39881,0.9232580034608533,2,1,0
836,145818,21280,0.11033259377444006,13,9,0
374,81272,27263,0.5051048738273299,16,3,1
685,112152,18565,0.979393809746416,15,2,0
509,142907,25354,0.1928092261672682,10,6,0
774,87649,47951,0.5930062249449876,14,7,0
717,84674,30643,0.9810617563369937,10,1,1
646,144132,28648,0.5999458816952742,14,9,1
828,139044,46971,0.2708337726749404,9,6,0
478,128542,23658,0.6239649070833307,14,7,1
481,33760,26253,0.2839965165545922,3,5,1
324,41927,31390,0.5677338366050358,16,5,1
479,106475,28128,0.16663799612111319,2,9,1
800,81367,18489,0.6449344022929642,10,0,1
460,117955,43314,0.5651109452153423,3,3,0
476,32588,37658,0.7661452318853168,11,0,0
584,141750,11852,0.6676304240429065,11,3,1
362,121678,34450,0.594645641677681,13,1,1
455,124734,7551,0.7208009643233091,7,4,1
768,138154,11411,0.22954772221500777,17,9,1
348,72233,38243,0.6358236951327436,2,8,1
383,64738,26800,0.25489954254049996,12,9,0
660,53397,15403,0.9329699870666928,10,2,1
447,102189,12239,0.1615006943610438,18,7,1
641,96367,11710,0.48733727472171395,11,2,1
775,144873,26384,0.7262177298899004,16,5,1
362,91260,26038,0.5122199905014329,17,3,1
659,140585,45846,0.1828857279096121,19,7,0
626,96619,27447,0.5980411145140366,18,5,1
440,131453,7285,0.677468717944619,3,7,0
514,39816,42991,0.7334130798914569,16,0,1
734,62240,18521,0.43593383301648303,6,5,1
617,26276,11971,0.607293973925886,12,0,0
331,133939,34139,0.5056178274450218,11,0,1
584,124199,24909,0.704850434877028,15,7,1
604,99530,16531,0.6252012705923367,15,6,1
728,43499,19721,0.5731805976032214,16,2,0
776,108576,24206,0.32457193015442376,10,5,1
585,128856,42711,0.10181666597341053,12,8,1
443,102495,11530,0.25667350778028636,13,6,1
723,141717,16116,0.2053594372817518,4,2,0
318,91635,5258,0.5041762705098521,7,5,1
317,127803,5282,0.6510323356856602,2,3,1
670,105112,18937,0.29177650781632736,15,2,0
474,55946,6898,0.9451513863704684,8,8,0
493,75204,9135,0.106013916301499,7,9,0
801,71886,11629,0.7950709136488086,15,1,1
412,91652,48936,0.662684292577398,14,0,1
413,35563,24584,0.4361993209429137,8,1,1
521,112324,28551,0.14544004997116713,12,6,0
563,112464,38380,0.6647379146058514,13,9,1
354,121872,22071,0.44705216157908323,11,0,0
757,29847,25074,0.9426404254718972,17,5,0
461,46155,30188,0.5877910674007893,17,6,1
679,99671,7307,0.9456863601641574,4,8,0
386,136891,44901,0.29843532412597373,8,7,1
354,103310,16205,0.7531533193276929,5,5,0
775,87278,10906,0.6555241187638531,16,2,1
477,38309,7591,0.7654674068481806,4,7,1
690,20619,20149,0.29320107757528313,15,6,1
648,103194,49918,0.6984950646139964,12,2,0
307,70108,44951,0.5482363537511821,5,8,0
612,54707,30150,0.7685424774156846,16,1,1
742,40337,36852,0.39434017973663604,14,2,0
627,145261,47870,0.9010513229187272,10,1,1
353,101537,6283,0.17587118315021533,7,0,1
538,86504,38691,0.8264703869120692,13,3,0
528,67614,6125,0.8751876632335818,5,4,0
350,111428,6529,0.8355270802301391,3,5,1
563,111155,31170,0.5614537548355985,15,4,1
717,20281,13438,0.49454648202768525,4,0,1
395,47420,25095,0.9966360578723891,15,2,1
387,100896,21154,0.3062547560927459,14,0,1
377,59030,13004,0.5921883692884401,19,4,0
587,21058,14752,0.703607972844093,13,4,1
419,106213,48360,0.7307808722752888,10,5,1
790,96260,31819,0.28362219916472087,5,7,0
751,48404,41632,0.6885946831058211,6,9,0
799,123482,31515,0.8365326098332035,4,0,0
464,125284,29217,0.145016719139001,2,3,0
481,49856,28172,0.9203691639927849,16,9,1
768,29200,37994,0.12655364963068536,18,0,0
306,84178,20036,0.42037392923955497,5,8,0
629,53997,16739,0.11423187660966587,4,6,0
450,45611,37220,0.16943065168562368,13,6,1
384,139273,14587,0.9200514566620712,19,4,1
446,61235,49517,0.41937474767153304,2,6,1
680,137428,35129,0.48229437738254766,13,1,0
847,55057,5645,0.2938099432442974,11,3,1
584,21239,35930,0.6373861931680478,4,6,1
381,123674,21299,0.6353228932100107,15,2,0
813,134474,35090,0.4349803526426973,4,1,0
822,85661,26953,0.3997313846248586,9,9,0
685,146945,31475,0.896467877362529,7,1,0
770,65272,23888,0.44495581567798126,19,0,1
418,109393,48732,0.5441508929389675,19,4,1
695,81212,21087,0.35497428618243754,6,5,1
831,144088,14346,0.8080925530214146,6,5,1
560,35398,5587,0.45770334120918243,15,8,1
555,140030,17763,0.5622499418898921,15,3,1
525,76503,46945,0.3280214530536953,9,0,1
352,26638,9079,0.9888936331071266,4,5,0
799,26570,41116,0.36234616683135057,18,4,0
805,88785,25215,0.7936682778149965,18,9,1
663,29110,30817,0.4847460853210833,5,5,0
579,125899,29765,0.28559566457572594,11,2,0
457,99141,35112,0.8197468875683751,5,1,1
358,32115,30556,0.40024611012613887,4,5,1
427,59062,23099,0.8786740126580299,12,0,1
414,42911,48553,0.9237314664260408,2,6,1
508,124061,11450,0.8738414518521483,13,6,1
825,52556,18230,0.1315071233261251,10,9,1
820,98131,34009,0.808636010504595,9,6,1
536,148335,10433,0.47020551984922954,10,9,1
580,21969,38866,0.8863506281640026,7,0,1
658,63753,44864,0.6741588364162648,4,3,1
500,102811,23710,0.8502788207295625,19,6,1
577,24470,16439,0.5494885928801518,10,8,1
534,141863,46855,0.5815229541390395,3,4,0
793,30225,21021,0.22994886892030053,19,1,0
303,127860,11416,0.8055886228204199,2,6,0
741,143008,11980,0.47745065050027446,10,9,1
328,127510,23058,0.5500721064444244,2,0,0
408,128295,16101,0.8065879426861369,2,6,0
374,43196,45718,0.6389608600714951,17,5,1
445,125823,37602,0.28098885469840074,16,6,0
427,33669,14122,0.6312093932358035,16,9,1
341,57380,17576,0.46686957218169023,14,2,0
655,144398,32516,0.5225729878394764,7,2,1
340,130677,27433,0.125480146962401,11,6,1
333,135886,6089,0.28902641456465344,1,1,1
316,146753,42346,0.3529342732429255,11,0,1
452,68320,14127,0.7416640070729251,4,8,1
677,67414,15487,0.11034322596830379,7,8,0
641,123542,5155,0.46789953510621884,15,6,0
326,35577,6958,0.9316241833831596,18,6,0
